Total_Count,Total_Area,Average_Area,Maximum_Area,Minimum_Area
10000,25030733.669409875,2503.0733669409874,9874.610465755648,0.0643602289153509
